Array Index,SeedID,cycle,Allele Frequency,Heterozygosity
6,1811758731,500,0.005,0.495374
6,1811758731,600,0.095,0.506903
