cycle,Heterozygosity
1,0.0493843
101,0.917284
201,0.90912
301,0.911918
401,0.909903
