cycle,Heterozygosity
1,4.90707e-06
501,0.00251302
1001,0.00487697
1501,0.00722435
2001,0.0094453
2501,0.0116375
