cycle,Heterozygosity
1,4.98436e-05
501,0.0244775
1001,0.047743
1501,0.0693699
2001,0.0904113
2501,0.110793
3001,0.129526
3501,0.147357
