cycle,Heterozygosity
1,0.000499676
501,0.218801
1001,0.384134
1501,0.511253
2001,0.607488
2501,0.680913
3001,0.735585
3501,0.777115
4001,0.808832
