cycle,Heterozygosity
1,0.00499083
501,0.85102
1001,0.905269
1501,0.90899
2001,0.907821
2501,0.908445
3001,0.908207
3501,0.908841
4001,0.909597
4501,0.91093
