cycle,Heterozygosity
1,0.000499184
501,0.219045
1001,0.385281
1501,0.511541
2001,0.607391
2501,0.679056
3001,0.732986
3501,0.77527
4001,0.806462
