cycle,Heterozygosity
1,0.00499207
101,0.322321
201,0.43341
301,0.475636
401,0.487162
