cycle,Heterozygosity
1,0.00500793
101,0.318786
201,0.436159
301,0.473607
401,0.488425
