cycle,Heterozygosity
1,0.0049715
101,0.317126
201,0.433575
301,0.469379
401,0.48956
