cycle,Heterozygosity
1,0.000499807
501,0.218858
1001,0.385132
1501,0.510535
2001,0.605819
2501,0.678807
3001,0.733974
