cycle,Heterozygosity
1,0.00499513
501,0.852961
1001,0.903936
1501,0.908689
2001,0.908116
2501,0.908324
3001,0.907746
3501,0.908342
4001,0.911543
4501,0.907395
