cycle,Heterozygosity
1,0.00049885
101,0.0380446
201,0.060149
301,0.0725001
401,0.0815623
501,0.0857219
601,0.0895789
701,0.088863
801,0.0911458
901,0.089053
1001,0.0905644
