cycle,Heterozygosity
1,0.0493767
101,0.907736
201,0.91061
301,0.91411
401,0.917655
