cycle,Heterozygosity
1,0.00499609
501,0.852568
1001,0.906449
1501,0.909521
