cycle,Heterozygosity
1,0.0493384
101,0.906612
201,0.908815
301,0.915594
401,0.896719
